augmentation,accuracy,f1,train_time_sec,infer_ms_per_image
aug,0.8647961884595023,0.8479055168122148,474.10537790001837,3.9939624775061064
noaug,0.8454208575966119,0.8274845991269272,408.664967566651,3.7085235044953433
