finetune,accuracy,f1,train_time_sec,infer_ms_per_image
finetune_all,0.8729486500794071,0.859503150926879,541.9384511333192,3.780373125111917
frozen,0.8242456326098465,0.8018187300748324,366.6851778666799,3.2323362272768854
linear_probe,0.8843303335097936,0.8690078692183606,435.3254526000237,5.028627421925078
