model,accuracy,f1,train_time_sec,infer_ms_per_image
efficientnet_b0,0.8618316569613552,0.8426471746591928,538.4772815500037,3.266032451030129
resnet18,0.8487736015528498,0.8285569966642975,103.39396450001125,2.805824245629266
swin_tiny_patch4_window7_224,0.8448914769719428,0.8330633196201837,761.4884774000384,3.9984317628426167
vit_base_patch16_224,0.8726839597670726,0.8589763612551968,723.9484290999826,6.073706749612944
